id,src_id,paper_id,paper_citation_APA,paper_doi,study_source,latitude,longitude,year,cropping_system_category,cropping_system_classification,CC_species,CC_types,cash_crop_specices,cash_crop_specices2,co2_cc,co2_cc_sd,co2_no_cc,co2_no_cc_sd,co2_n,co2_unit,tillage,residue_management,SOC_initial,SOC_initial_Unit,n2o_cc,n2o_no_cc,n2o_cc_sd,n2o_no_cc_sd,n2o_unit,FerStatus,N_fertilization,N_fertilization_unit,ch4_cc,ch4_no_cc,ch4_cc_sd,ch4_no_cc_sd,ch4_unit,duplicated_src,country,Trail/Commercial,region_state,specific_location,alt_m,soil_texture,prep,tem,dryland/non dryland,mixture_types,mixture_propotion,CC_plant_date,CC_end_date,CC.days,CC.duration,CC.aid,CC_plant_type,CC_plant_rate,CC_end_type,Plot_Area_ha,replications,nextMC_plant_date,MC_end_date,MC.days,MC _history,cash_crop_type,GHG-season,samplesize,SD,management combination,Initial_SOC,Initial_C_unit,Initial_TC,Initial_TN,Unnamed: 73,irrigation,irrigation_mm,BD,BD_unit,CEC,pH,soil_no3,soil_no3_unit,soil_nh4,soil_nh4_unit,soilTexture,TopographicalPosition,soilMoisture,soilMoisture_unite,WFPS,soilTem,cc_Dry_Biomass,ccBiomass_raw,CN_ratio,ccResidualsInput,cash_crop_season,manul checked & revised
34,42,27,"Zhaorigetu, Komatsuzaki, M., Sato, Y., Ohta, H., 2008. Relationships between fungal biomass and nitrous oxide emission in upland rice soils under no tillage and cover cropping systems. Microbes and Environments 23, 201-208.",https://doi.org/10.1264/jsme2.23.201,1,36.03,140.21,2003.0,Temperate upland annual cropland,Japan upland rice (non-flooded dryland),Rye,non-legume,Rice (upland) ,,,,,,,,nt,,,,2.9,1.6,,,N2O-N g/ha/day,yes,100,kg N ha−1,,,,,,,Japan,Trail,,Ibaraki Unviersiry Colleage of Agricuture,,,1606.0,17.5,,,,2003-10-15,2004-04-01,169.0,1.0,,,,,0.0054,3.0,2024-04-28,2024-10-06 00:00:00,161.0,,,July-Dec,3,0.01,,,,,,,,,,,,,,,,,,,,,,,,,,,,y
35,43,27,"Zhaorigetu, Komatsuzaki, M., Sato, Y., Ohta, H., 2008. Relationships between fungal biomass and nitrous oxide emission in upland rice soils under no tillage and cover cropping systems. Microbes and Environments 23, 201-208.",https://doi.org/10.1264/jsme2.23.201,1,36.03,140.21,2003.0,Temperate upland annual cropland,Japan upland rice (non-flooded dryland),Rye,non-legume,Rice (upland) ,,,,,,,,t,,,,1.65,1.55,,,N2O-N g/ha/day,yes,100,kg N ha−1,,,,,,,Japan,Trail,,Ibaraki Unviersiry Colleage of Agricuture,,,1606.0,17.5,,,,2003-10-15,2004-04-01,169.0,1.0,,,,,0.0054,3.0,2024-04-28,2024-10-06 00:00:00,161.0,,,July-Dec,3,0.01,,,,,,,,,,,,,,,,,,,,,,,,,,,,y
36,44,27,"Zhaorigetu, Komatsuzaki, M., Sato, Y., Ohta, H., 2008. Relationships between fungal biomass and nitrous oxide emission in upland rice soils under no tillage and cover cropping systems. Microbes and Environments 23, 201-208.",https://doi.org/10.1264/jsme2.23.201,1,36.03,140.21,2003.0,Temperate upland annual cropland,Japan upland rice (non-flooded dryland),Rye,non-legume,Rice (upland) ,,,,,,,,t,,,,1.63,1.49,,,N2O-N g/ha/day,yes,100,kg N ha−1,,,,,,,Japan,Trail,,Ibaraki Unviersiry Colleage of Agricuture,,,1606.0,17.5,,,,2003-10-15,2004-04-01,169.0,1.0,,,,,0.0054,3.0,2024-04-28,2024-10-06 00:00:00,161.0,,,July-Dec,3,0.01,,,,,,,,,,,,,,,,,,,,,,,,,,,,y
37,45,27,"Zhaorigetu, Komatsuzaki, M., Sato, Y., Ohta, H., 2008. Relationships between fungal biomass and nitrous oxide emission in upland rice soils under no tillage and cover cropping systems. Microbes and Environments 23, 201-208.",https://doi.org/10.1264/jsme2.23.201,1,36.03,140.21,2004.0,Temperate upland annual cropland,Japan upland rice (non-flooded dryland),Hairy Vetch,legume,Rice (upland) ,,,,,,,,nt,,,,2.6,1.6,,,N2O-N g/ha/day,yes,100,kg N ha−1,,,,,,,Japan,Trail,,Ibaraki Unviersiry Colleage of Agricuture,,,971.0,16.2,,,,2004-10-29,2005-04-08,161.0,2.0,,,,,0.0054,3.0,2025-04-25,2025-10-12 00:00:00,170.0,,,July-Dec,3,0.01,,,,,,,,,,,,,,,,,,,,,,,,,,,,y
38,46,27,"Zhaorigetu, Komatsuzaki, M., Sato, Y., Ohta, H., 2008. Relationships between fungal biomass and nitrous oxide emission in upland rice soils under no tillage and cover cropping systems. Microbes and Environments 23, 201-208.",https://doi.org/10.1264/jsme2.23.201,1,36.03,140.21,2004.0,Temperate upland annual cropland,Japan upland rice (non-flooded dryland),Hairy Vetch,legume,Rice (upland) ,,,,,,,,t,,,,1.55,1.55,,,N2O-N g/ha/day,yes,100,kg N ha−1,,,,,,,Japan,Trail,,Ibaraki Unviersiry Colleage of Agricuture,,,971.0,16.2,,,,2004-10-29,2005-04-08,161.0,2.0,,,,,0.0054,3.0,2025-04-25,2025-10-12 00:00:00,170.0,,,July-Dec,3,0.01,,,,,,,,,,,,,,,,,,,,,,,,,,,,y
39,47,27,"Zhaorigetu, Komatsuzaki, M., Sato, Y., Ohta, H., 2008. Relationships between fungal biomass and nitrous oxide emission in upland rice soils under no tillage and cover cropping systems. Microbes and Environments 23, 201-208.",https://doi.org/10.1264/jsme2.23.201,1,36.03,140.21,2004.0,Temperate upland annual cropland,Japan upland rice (non-flooded dryland),Hairy Vetch,legume,Rice (upland) ,,,,,,,,t,,,,1.96,1.49,,,N2O-N g/ha/day,yes,100,kg N ha−1,,,,,,,Japan,Trail,,Ibaraki Unviersiry Colleage of Agricuture,,,971.0,16.2,,,,2004-10-29,2005-04-08,161.0,2.0,,,,,0.0054,3.0,2025-04-25,2025-10-12 00:00:00,170.0,,,July-Dec,3,0.01,,,,,,,,,,,,,,,,,,,,,,,,,,,,y
47,59,41,"Thomas, B., Hao, X., Larney, F., Goyer, C., Chantigny, M., Charles, A., 2017. Non-legume cover crops can increase non-growing season nitrous oxide emissions. Soil Science Society of America Journal 81, 189–199.",https://doi.org/10.2136/sssaj2016.08.0269,1,49.63,-112.8,2014.0,Temperate upland annual cropland,Canada – Northern European/Canadian temperate arable,Rye,non-legume,Spring Wheat,,,,,,,,t,,,,0.52,0.19999999999999998,,,g N ha–1 d–1,yes,100,kg total N ha–1 manure,,,,,,,Canada,Trail,,Agriculture and Agri-Food Canada Lethbridge Research and Development Centre near Lethbridge,929.0,Clay Loam,929.0,5.9,,,,2014-08-15,,,2.0,yes (irrigate),, 90 kg seed ha–1 ,,0.04,4.0,,,,,,fall-spring,3,0.01,,,,,,,,,,,,,,,,,,,,,,,,,,,,y
68,89,39,"Mitchell, D.C., Castellano, M.J., Sawyer, J.E. and Pantoja, J., 2013. Cover crop effects on nitrous oxide emissions: role of mineralizable carbon. Soil Science Society of America Journal, 77(5), pp.1765-1773.",https://doi.org/10.2136/sssaj2013.02.0074,1,42.02,-93.77,2010.0,Temperate upland annual cropland,USA temperate arable (corn-soybean-wheat belt),Rye,non-legume,Corn,,,,,,,,nt,,,,5.1,5.0,1.79633,0.71283,kg N2O-N ha−1 Cumulative,yes,225,kg N ha⁻¹,,,,,,,USA,Trail,Iowa,Iowa State University Agricultural Engineering and Agronomy Ames Research Farm in Boone County,,Loam,872.0,9.4,,,,2010-10-05,2011-05-02,,,,drill-seeded,,herbicide_glyphosate,0.009,4.0,2011-05-10,after soybean harvest,,corn–soybean rotation,,2011-4-11 to 2011-10-3,3,0.01,,,,,,,,530,,,,,21.2429378531073 ppm,,3.5 ppm,,,,,,,,6400.0,,25,3.0,,y
91,14,14,"Chirinda, N., Carter, M.S., Albert, K.R., Ambus, P., Olesen, J.E., Porter, J.R. and Petersen, S.O., 2010. Emissions of nitrous oxide from arable organic and conventional cropping systems on two soil types. Agriculture, Ecosystems & Environment, 136(3-4), pp.199-208.",https://doi.org/10.1016/j.agee.2009.11.012,2,56.5,9.567,,Temperate upland annual cropland,Denmark – Northern European/Canadian temperate arable,Ryegrass + Chicory + Clover,mixture,Winter W,,,,,,,,,,,,0.68,0.81,,,,,,,,,,,,,Denmark,,Foulum,,,,,,,legume + non-legume,,,,,,,,,,,,,,,,,,3,0.01,,,,,,,,,,,,,,,,,,,,,,,,,,,,y
92,15,14,"Chirinda, N., Carter, M.S., Albert, K.R., Ambus, P., Olesen, J.E., Porter, J.R. and Petersen, S.O., 2010. Emissions of nitrous oxide from arable organic and conventional cropping systems on two soil types. Agriculture, Ecosystems & Environment, 136(3-4), pp.199-208.",https://doi.org/10.1016/j.agee.2009.11.012,2,56.5,9.567,,Temperate upland annual cropland,Denmark – Northern European/Canadian temperate arable,Ryegrass + Chicory + Clover,mixture,Winter W,,,,,,,,,,,,0.71,0.54,,,,,,,,,,,,,Denmark,,Fakkebjerg,,,,,,,legume + non-legume,,,,,,,,,,,,,,,,,,3,0.01,,,,,,,,,,,,,,,,,,,,,,,,,,,,y
103,26,34,"Iqbal, J., Mitchell, D.C., Barker, D.W., Miguez, F., Sawyer, J.E., Pantoja, J. and Castellano, M.J., 2015. Does nitrogen fertilizer application rate to corn affect nitrous oxide emissions from the rotated soybean crop?. Journal of environmental quality, 44(3), pp.711-719.",https://doi.org/10.2134/jeq2014.09.0378,2,42.02,-93.77,2012.0,Temperate upland annual cropland,USA temperate arable (corn-soybean-wheat belt),Rye,non-legume,Soybean,,,,,,,,,,,,0.09038,0.07974,,,,no,,,,,,,,"y (2,3)",USA,,Iowa,,,,,,,,,,,,,,,,,,,,,,,,,3,0.01,,,,,,,,,,,,,,,,,,,,,,,,,,,,y
120,43,22,"Dietzel, R., Wolfe, D. and Thies, J.E., 2011. The influence of winter soil cover on spring nitrous oxide emissions from an agricultural soil. Soil Biology and Biochemistry, 43(9), pp.1989-1991.",https://doi.org/10.1016/j.soilbio.2011.05.017,2,42.7333,-76.6597,,Temperate upland annual cropland,USA temperate arable (corn-soybean-wheat belt),Rye,non-legume,NR,,,,,,,,,,,,4.104,10.9728,18.68,61.09,,,,,,,,,,,USA,,NewYork,,,,,,,,,,,,,,,,,,,,,,,,,3,0.01,,,,,,,,sub-surface irrigation,,,,,,,,,,,,,,,,,,,,y
121,44,22,"Dietzel, R., Wolfe, D. and Thies, J.E., 2011. The influence of winter soil cover on spring nitrous oxide emissions from an agricultural soil. Soil Biology and Biochemistry, 43(9), pp.1989-1991.",https://doi.org/10.1016/j.soilbio.2011.05.017,2,42.7333,-76.6597,,Temperate upland annual cropland,USA temperate arable (corn-soybean-wheat belt),Rye,non-legume,NR,,,,,,,,,,,,11.9016,6.264,54.2,61.31,,,,,,,,,,,USA,,NewYork,,,,,,,,,,,,,,,,,,,,,,,,,3,0.01,,,,,,,,,,,,,,,,,,,,,,,,,,,,y
122,45,8,"Epie, K.E., Saikkonen, L., Santanen, A., Jaakkola, S., Mäkelä, P., Simojoki, A. and Stoddard, F.L., 2015. Nitrous oxide emissions from perennial grass–legume intercrop for bioenergy use. Nutrient cycling in Agroecosystems, 101(2), pp.211-222.",https://doi.org/10.1007/s10705-015-9670-0,2,60.225,25.02,,Perennial horticultural cropland (Orchard/Vineyard),cash crop = Perennial Crop,Galega,legume,Perennial Crop,,,,,,,,,,,,2.65,6.65,,,,no,,,,,,,,,Finland,,,,,,,,,,,,,,,,,,,,,,,,,,annual mean,3,0.01,,,,,,,,,,,,,,,,,,,,,,,,,,,,y
123,46,8,"Epie, K.E., Saikkonen, L., Santanen, A., Jaakkola, S., Mäkelä, P., Simojoki, A. and Stoddard, F.L., 2015. Nitrous oxide emissions from perennial grass–legume intercrop for bioenergy use. Nutrient cycling in Agroecosystems, 101(2), pp.211-222.",https://doi.org/10.1007/s10705-015-9670-0,2,60.225,25.02,,Perennial horticultural cropland (Orchard/Vineyard),cash crop = Perennial Crop,Mixture,mixture,Perennial Crop,,,,,,,,,,,,3.45,6.65,,,,,,,,,,,,,Finland,,,,,,,,,,,,,,,,,,,,,,,,,,annual mean,3,0.01,,,,,,,,,,,,,,,,,,,,,,,,,,,,y
124,47,8,"Epie, K.E., Saikkonen, L., Santanen, A., Jaakkola, S., Mäkelä, P., Simojoki, A. and Stoddard, F.L., 2015. Nitrous oxide emissions from perennial grass–legume intercrop for bioenergy use. Nutrient cycling in Agroecosystems, 101(2), pp.211-222.",https://doi.org/10.1007/s10705-015-9670-0,2,60.225,25.02,,Perennial horticultural cropland (Orchard/Vineyard),cash crop = Perennial Crop,Reed canary grass,non-legume,Perennial Crop,,,,,,,,,,,,3.0,6.65,,,,,,,,,,,,,Finland,,,,,,,,,,,,,,,,,,,,,,,,,,annual mean,3,0.01,,,,,,,,,,,,,,,,,,,,,,,,,,,,y
192,96,10,"Haque, M.M., Kim, S.Y., Ali, M.A., & Kim, P.J. (2015). Contribution of greenhouse gas emissions during cropping and fallow seasons on total global warming potential in mono-rice paddy soils. Plant Soil, 387, 251-264.",https://doi.org/10.1007/s11104-014-2287-2,3,36.833333,128.433333,2021.0,"Flooded paddy cropland (tropical–subtropical, Oryza sativa L. double/single season)",South Korea paddy rice system,Barley & Hairy Vetch,mixture,Paddy Rice (Fallow Season),PADDY/FLOODED,5.47,,2.99,,,mg m-2 day-1,ct,incorporated,20.4,g/kg (low),2.81,1.5,,,mg m-2 day-1,yes,45, kg N ha−1,-1.22,-0.56,,,mg m-2 day-1,,South Korea,Trail,Gyeongsang ,Gyeongsang National University Experimental Farm Jinju,,Silt Loam,,,,legume + non-legume,3/1,,2011-05-29,,1.0,,,,,0.054,3.0,2011-06-05,2011-10-01 00:00:00,118.0,,,Oct-Jun,3,0.01,NPK,20.4,g/kg (low),,,,,,,,,6.2,,,,,,,,,,,,36 Mg/ha,,,,y
193,98,10,"Haque, M.M., Kim, S.Y., Ali, M.A., & Kim, P.J. (2015). Contribution of greenhouse gas emissions during cropping and fallow seasons on total global warming potential in mono-rice paddy soils. Plant Soil, 387, 251-264.",https://doi.org/10.1007/s11104-014-2287-2,3,36.833333,128.433333,2021.0,"Flooded paddy cropland (tropical–subtropical, Oryza sativa L. double/single season)",South Korea paddy rice system,Barley & Hairy Vetch,mixture,Paddy Rice (Cropping Season),PADDY/FLOODED,9.6,,1.69,,,mg m-2 day-1,ct,incorporated,20.4,g/kg (low),0.98,0.75,,,mg m-2 day-1,yes,45, kg N ha−1,1311.0,142.0,,,mg m-2 day-1,,South Korea,Trail,Gyeongsang ,Gyeongsang National University Experimental Farm Jinju,,Silt Loam,,,,legume + non-legume,3/1,,2011-05-29,,1.0,,,,,0.054,3.0,2011-06-05,2011-10-01 00:00:00,118.0,,,Jun-Oct,3,0.01,NPK,20.4,g/kg (low),,,,,,,,,6.2,,,,,,,,,,,,36 Mg/ha,,,,y
194,100,10,"Haque, M.M., Kim, S.Y., Ali, M.A., & Kim, P.J. (2015). Contribution of greenhouse gas emissions during cropping and fallow seasons on total global warming potential in mono-rice paddy soils. Plant Soil, 387, 251-264.",https://doi.org/10.1007/s11104-014-2287-2,3,36.833333,128.433333,2022.0,"Flooded paddy cropland (tropical–subtropical, Oryza sativa L. double/single season)",South Korea paddy rice system,Barley & Hairy Vetch,mixture,Paddy Rice (Cropping Season),PADDY/FLOODED,6.47,,3.42,,,mg m-2 day-1,ct,incorporated,20.4,g/kg (low),2.5,1.6,,,mg m-2 day-1,yes,45, kg N ha−1,-1.26,-0.57,,,mg m-2 day-1,,South Korea,Trail,Gyeongsang ,Gyeongsang National University Experimental Farm Jinju,,Silt Loam,,,,legume + non-legume,3/1,,2011-05-26,,2.0,,,,,0.054,3.0,2012-06-03,2012-10-01 00:00:00,120.0,,,Oct-Jun,3,0.01,NPK,20.4,g/kg (low),,,,,,,,,6.2,,,,,,,,,,,,36 Mg/ha,,,,y
195,102,10,"Haque, M.M., Kim, S.Y., Ali, M.A., & Kim, P.J. (2015). Contribution of greenhouse gas emissions during cropping and fallow seasons on total global warming potential in mono-rice paddy soils. Plant Soil, 387, 251-264.",https://doi.org/10.1007/s11104-014-2287-2,3,36.833333,128.433333,2022.0,"Flooded paddy cropland (tropical–subtropical, Oryza sativa L. double/single season)",South Korea paddy rice system,Barley & Hairy Vetch,mixture,Paddy Rice (Fallow Season),,8.71,,1.4,,,mg m-2 day-1,ct,incorporated,20.4,g/kg (low),0.99,0.76,,,mg m-2 day-1,yes,45, kg N ha−1,1203.0,137.0,,,mg m-2 day-1,,South Korea,Trail,Gyeongsang ,Gyeongsang National University Experimental Farm Jinju,,Silt Loam,,,,legume + non-legume,3/1,,2011-05-26,,2.0,,,,,0.054,3.0,2012-06-03,2012-10-01 00:00:00,120.0,,,Jun-Oct,3,0.01,NPK,20.4,g/kg (low),,,,,,,,,6.2,,,,,,,,,,,,36 Mg/ha,,,,y
209,134,6,"Sapkota, T.B., Shankar, V., Rai, M., Jat, M.L., Stirling, C.M, Singh, L.K., … Grewal, M.S. (2017). Reducing global warming potential through sustainable intensification of basmati rice-wheat systems in India. Sustainability, 9, 1044.",http://doi.org/10.3390/su9061044,3,29.809722,76.921111,,"Flooded paddy cropland (tropical–subtropical, Oryza sativa L. double/single season)",India paddy rice system,Green Gram,legume,Rice,,,,,,,,,,,,2.2,2.2,1.14315,0.39837,,,,,,,,,,,India,,Karnal,Taraori,,,,,,,,,,,,,,,,,,,,,,,,3,0.01,,,,,,,,,,,,,,,,,,,,,,,,,,,,y
210,136,6,"Sapkota, T.B., Shankar, V., Rai, M., Jat, M.L., Stirling, C.M, Singh, L.K., … Grewal, M.S. (2017). Reducing global warming potential through sustainable intensification of basmati rice-wheat systems in India. Sustainability, 9, 1044.",http://doi.org/10.3390/su9061044,3,29.809722,76.921111,,"Flooded paddy cropland (tropical–subtropical, Oryza sativa L. double/single season)",India paddy rice system,Green Gram,legume,Rice,,,,,,,,,,,,1.52,2.45,0.46765,0.0,,,,,,,,,,,India,,Karnal,Taraori,,,,,,,,,,,,,,,,,,,,,,,,3,0.01,,,,,,,,,,,,,,,,,,,,,,,,,,,,y
211,138,6,"Sapkota, T.B., Shankar, V., Rai, M., Jat, M.L., Stirling, C.M, Singh, L.K., … Grewal, M.S. (2017). Reducing global warming potential through sustainable intensification of basmati rice-wheat systems in India. Sustainability, 9, 1044.",http://doi.org/10.3390/su9061044,3,29.809722,76.921111,,"Flooded paddy cropland (tropical–subtropical, Oryza sativa L. double/single season)",India paddy rice system,Green Gram,legume,Rice,,,,,,,,,,,,3.67,2.31,1.87061,1.83597,,,,,,,,,,,India,,Karnal,Taraori,,,,,,,,,,,,,,,,,,,,,,,,3,0.01,,,,,,,,,,,,,,,,,,,,,,,,,,,,y
212,140,6,"Sapkota, T.B., Shankar, V., Rai, M., Jat, M.L., Stirling, C.M, Singh, L.K., … Grewal, M.S. (2017). Reducing global warming potential through sustainable intensification of basmati rice-wheat systems in India. Sustainability, 9, 1044.",http://doi.org/10.3390/su9061044,3,29.809722,76.921111,,Tropical upland annual/perennial cropland (Plantation/Tropical),tropical CC species: Green Gram,Green Gram,legume,Wheat,,,,,,,,,,,,4.23,2.64,1.36832,0.17321,,,,,,,,,,,India,,Karnal,Taraori,,,,,,,,,,,,,,,,,,,,,,,,3,0.01,,,,,,,,,,,,,,,,,,,,,,,,,,,,y
213,142,6,"Sapkota, T.B., Shankar, V., Rai, M., Jat, M.L., Stirling, C.M, Singh, L.K., … Grewal, M.S. (2017). Reducing global warming potential through sustainable intensification of basmati rice-wheat systems in India. Sustainability, 9, 1044.",http://doi.org/10.3390/su9061044,3,29.809722,76.921111,,Tropical upland annual/perennial cropland (Plantation/Tropical),tropical CC species: Green Gram,Green Gram,legume,Wheat,,,,,,,,,,,,3.26,4.37,0.69282,1.351,,,,,,,,,,,India,,Karnal,Taraori,,,,,,,,,,,,,,,,,,,,,,,,3,0.01,,,,,,,,,,,,,,,,,,,,,,,,,,,,y
214,144,6,"Sapkota, T.B., Shankar, V., Rai, M., Jat, M.L., Stirling, C.M, Singh, L.K., … Grewal, M.S. (2017). Reducing global warming potential through sustainable intensification of basmati rice-wheat systems in India. Sustainability, 9, 1044.",http://doi.org/10.3390/su9061044,3,29.809722,76.921111,,Tropical upland annual/perennial cropland (Plantation/Tropical),tropical CC species: Green Gram,Green Gram,legume,Wheat,,,,,,,,,,,,3.15,4.53,0.96995,1.4376,,,,,,,,,,,India,,Karnal,Taraori,,,,,,,,,,,,,,,,,,,,,,,,3,0.01,,,,,,,,,,,,,,,,,,,,,,,,,,,,y
251,202,35,"Wegner, B.R., Chalise, K.S., Signh, S., Lai, L., Abagandura, G.O., Kumar, S., … & Jagadamma, S. (2018). Response of soil surface greenhouse gas fluxes to crop residue removal and cover crops under a corn-soybean rotation. Journal of Environmental Quality, 47, 1146-1154.",https://doi.org/10.2134/jeq2018.03.0093,3,44.314333,-96.75283,,Temperate upland annual cropland,USA temperate arable (corn-soybean-wheat belt),Rye + Hairy Vetch,mixture,Corn,UPLAND/DRYLAND,2781.0,111,3080.0,215.0,,,nt,not incorporated,28.0,g/kg,694.0,815.0,74.0,163.0,cumulated g ha−1,yes,145,kg N ha⁻¹,218.7,266.0,158.0,133.0,,y,USA,,South Dakota,Brookings,,,,,,legume + non-legume,,,,,,,,,,,,,,,,,,3,0.01,,,,,,,,,,,,,31.575,,26.85,,,,12.649999999999999,,,21.375,,,,,,y
268,224,11,"Weiler, D.A., Giacomini, S.J., Recous, S., Bastos, L.M.,  Pilecco, G.E.,  Dietrich, G., Aita, C. (2018). Trade-off between C and N recycling and N2O emissions of soils with summer cover crops in subtropical agrosystems. Plant Soil, 433, 213-225.",https://doi.org/10.1007/s11104-018-3831-2,3,-29.683333,-53.8,,Tropical upland annual/perennial cropland (Plantation/Tropical),tropical CC species: Velvet Bean,Velvet Bean,legume,Black Oats,,,,,,,,,,,,0.79,1.01,0.06,0.07,,no,,,,,,,,y,Brazil,,Rio Grande Do Sul,Santa Maria,,,,,,,,,,,,,,,,,,,,,,,,3,0.01,,,,,,,,,,,,,,,,,,,,,,,,,,,,y
269,225,11,"Weiler, D.A., Giacomini, S.J., Recous, S., Bastos, L.M.,  Pilecco, G.E.,  Dietrich, G., Aita, C. (2018). Trade-off between C and N recycling and N2O emissions of soils with summer cover crops in subtropical agrosystems. Plant Soil, 433, 213-225.",https://doi.org/10.1007/s11104-018-3831-2,3,-29.683333,-53.8,,Tropical upland annual/perennial cropland (Plantation/Tropical),tropical CC species: Pearl Millet,Pearl Millet,non-legume,Black Oats,,,,,,,,,,,,1.05,1.01,0.2,0.07,,,,,,,,,,y,Brazil,,Rio Grande Do Sul,Santa Maria,,,,,,,,,,,,,,,,,,,,,,,,3,0.01,,,,,,,,,,,,,,,,,,,,,,,,,,,,y
270,226,11,"Weiler, D.A., Giacomini, S.J., Recous, S., Bastos, L.M.,  Pilecco, G.E.,  Dietrich, G., Aita, C. (2018). Trade-off between C and N recycling and N2O emissions of soils with summer cover crops in subtropical agrosystems. Plant Soil, 433, 213-225.",https://doi.org/10.1007/s11104-018-3831-2,3,-29.683333,-53.8,,Tropical upland annual/perennial cropland (Plantation/Tropical),tropical CC species: Dwarf Pigeonpea,Dwarf Pigeonpea,legume,Black Oats,,,,,,,,,,,,1.01,1.01,0.07,0.07,,no,,,,,,,,y,Brazil,,Rio Grande Do Sul,Santa Maria,,,,,,,,,,,,,,,,,,,,,,,,3,0.01,,,,,,,,,,,,,,,,,,,,,,,,,,,,y
271,227,11,"Weiler, D.A., Giacomini, S.J., Recous, S., Bastos, L.M.,  Pilecco, G.E.,  Dietrich, G., Aita, C. (2018). Trade-off between C and N recycling and N2O emissions of soils with summer cover crops in subtropical agrosystems. Plant Soil, 433, 213-225.",https://doi.org/10.1007/s11104-018-3831-2,3,-29.683333,-53.8,,Tropical upland annual/perennial cropland (Plantation/Tropical),tropical CC species: Sunn Hemp,Sunn Hemp,legume,Black Oats,,,,,,,,,,,,0.89,1.01,0.08,0.07,,no,,,,,,,,y,Brazil,,Rio Grande Do Sul,Santa Maria,,,,,,,,,,,,,,,,,,,,,,,,3,0.01,,,,,,,,,,,,,,,,,,,,,,,,,,,,y
272,228,11,"Weiler, D.A., Giacomini, S.J., Recous, S., Bastos, L.M.,  Pilecco, G.E.,  Dietrich, G., Aita, C. (2018). Trade-off between C and N recycling and N2O emissions of soils with summer cover crops in subtropical agrosystems. Plant Soil, 433, 213-225.",https://doi.org/10.1007/s11104-018-3831-2,3,-29.683333,-53.8,,Tropical upland annual/perennial cropland (Plantation/Tropical),tropical CC species: Showy Rattlebox,Showy Rattlebox,legume,Black Oats,,,,,,,,,,,,1.38,1.01,0.35,0.07,,no,,,,,,,,y,Brazil,,Rio Grande Do Sul,Santa Maria,,,,,,,,,,,,,,,,,,,,,,,,3,0.01,,,,,,,,,,,,,,,,,,,,,,,,,,,,y
273,229,11,"Weiler, D.A., Giacomini, S.J., Recous, S., Bastos, L.M.,  Pilecco, G.E.,  Dietrich, G., Aita, C. (2018). Trade-off between C and N recycling and N2O emissions of soils with summer cover crops in subtropical agrosystems. Plant Soil, 433, 213-225.",https://doi.org/10.1007/s11104-018-3831-2,3,-29.683333,-53.8,,Tropical upland annual/perennial cropland (Plantation/Tropical),tropical CC species: Jack Bean,Jack Bean,legume,Black Oats,,,,,,,,,,,,1.1,1.01,0.05,0.07,,no,,,,,,,,y,Brazil,,Rio Grande Do Sul,Santa Maria,,,,,,,,,,,,,,,,,,,,,,,,3,0.01,,,,,,,,,,,,,,,,,,,,,,,,,,,,y
326,428,2,"Li, X., Petersen, S. O., Sørensen, P., & Olesen, J.E. (2015). Effects of contrasting catch crops on nitrogen availability and nitrous oxide emissions in an organic cropping system. Agriculture, Ecosystems and Environment, 199, 382-393.",http://doi.org/10.1016/j.agee.2014.10.016,4,56.5,9.567,,Temperate upland annual cropland,Denmark – Northern European/Canadian temperate arable,,legume,Spring Barley,,,,,,,,,,,,0.2389,0.088,0.0859,0.0316,,no,,,,,,,,y,Denmark,,Aarhus,,,,,,,,,,,,,,,,,,,,,,,,,3,0.01,,,,,,,,,,,,,,,,,,,,,,,,,,,,y
327,429,2,"Li, X., Petersen, S. O., Sørensen, P., & Olesen, J.E. (2015). Effects of contrasting catch crops on nitrogen availability and nitrous oxide emissions in an organic cropping system. Agriculture, Ecosystems and Environment, 199, 382-393.",http://doi.org/10.1016/j.agee.2014.10.016,4,56.5,9.567,,Temperate upland annual cropland,Denmark – Northern European/Canadian temperate arable,,non-legume,Spring Barley,,,,,,,,,,,,0.5877,0.088,0.2112,0.0316,,,,,,,,,,y,Denmark,,Aarhus,,,,,,,,,,,,,,,,,,,,,,,,,3,0.01,,,,,,,,,,,,,,,,,,,,,,,,,,,,y
328,430,2,"Li, X., Petersen, S. O., Sørensen, P., & Olesen, J.E. (2015). Effects of contrasting catch crops on nitrogen availability and nitrous oxide emissions in an organic cropping system. Agriculture, Ecosystems and Environment, 199, 382-393.",http://doi.org/10.1016/j.agee.2014.10.016,4,56.5,9.567,,Temperate upland annual cropland,Denmark – Northern European/Canadian temperate arable,,non-legume,Spring Barley,,,,,,,,,,,,0.1587,0.088,0.057,0.0316,,,,,,,,,,y,Denmark,,Aarhus,,,,,,,,,,,,,,,,,,,,,,,,,3,0.01,,,,,,,,,,,,,,,,,,,,,,,,,,,,y
329,431,2,"Li, X., Petersen, S. O., Sørensen, P., & Olesen, J.E. (2015). Effects of contrasting catch crops on nitrogen availability and nitrous oxide emissions in an organic cropping system. Agriculture, Ecosystems and Environment, 199, 382-393.",http://doi.org/10.1016/j.agee.2014.10.016,4,56.5,9.567,,Temperate upland annual cropland,Denmark – Northern European/Canadian temperate arable,,legume,Spring Barley,,,,,,,,,,,,0.539,0.3159,0.1937,0.1135,,no,,,,,,,,y,Denmark,,Aarhus,,,,,,,,,,,,,,,,,,,,,,,,,3,0.01,,,,,,,,,,,,,,,,,,,,,,,,,,,,y
331,433,2,"Li, X., Petersen, S. O., Sørensen, P., & Olesen, J.E. (2015). Effects of contrasting catch crops on nitrogen availability and nitrous oxide emissions in an organic cropping system. Agriculture, Ecosystems and Environment, 199, 382-393.",http://doi.org/10.1016/j.agee.2014.10.016,4,56.5,9.567,,Temperate upland annual cropland,Denmark – Northern European/Canadian temperate arable,,legume,Spring Barley,,,,,,,,,,,,0.3787,0.3159,0.1361,0.1135,,no,,,,,,,,y,Denmark,,Aarhus,,,,,,,,,,,,,,,,,,,,,,,,,3,0.01,,,,,,,,,,,,,,,,,,,,,,,,,,,,y
446,672,82,"Maeda, T., Sugihara, S., Nishigaki, T., Miyamaru, N., Yoshida, K., Yamamoto, A., ... & Tanaka, H. (2021). Nitrous oxide emissions from a sugarcane field with green manure and chemical fertilizer applications in Okinawa, Japan. Japan Agricultural Research Quarterly: JARQ, 55(1), 17-27.",,4,25.9333333333333,131.310532,,Temperate upland annual cropland,Japan soybean/upland system,,legume,,,,,,,,,,,,,105.1724,54.3103,15.5172,5.1724,,,,,,,,,,,Japan,,,,,,,,,,,,,,,,,,,,,,,,,,,3,0.01,,,,,,,,,,,,,,,,,,,,,,,,,,,,y
536,1126,104,"Wang, Z., Zhai, L., Xiong, S., Li, X., Han, Y., Wang, G., ... & Li, Y. (2021). February orchid cover crop improves sustainability of cotton production systems in the Yellow River basin. Agronomy for Sustainable Development, 41, 1-16.",,4,36.1,114.35,,Mediterranean–semiarid upland cropland,lat=36.10 subtropical/Med zone,,non-legume,,,,,,,,,,,,,0.6933,0.6471,0.2492,0.2326,,,,,,,,,,,China,,,,,,,,,,,,,,,,,,,,,,,,,,,3,0.01,,,,,,,,,,,,,,,,,,,,,,,,,,,,y
537,1127,104,"Wang, Z., Zhai, L., Xiong, S., Li, X., Han, Y., Wang, G., ... & Li, Y. (2021). February orchid cover crop improves sustainability of cotton production systems in the Yellow River basin. Agronomy for Sustainable Development, 41, 1-16.",,4,36.1,114.35,,Mediterranean–semiarid upland cropland,lat=36.10 subtropical/Med zone,,non-legume,,,,,,,,,,,,,1.2017,0.8782,0.4319,0.3156,,,,,,,,,,,China,,,,,,,,,,,,,,,,,,,,,,,,,,,3,0.01,,,,,,,y,,,,,,,,,,,,,,,,500.0,Mg ha⁻¹,,,,y
539,1129,104,"Wang, Z., Zhai, L., Xiong, S., Li, X., Han, Y., Wang, G., ... & Li, Y. (2021). February orchid cover crop improves sustainability of cotton production systems in the Yellow River basin. Agronomy for Sustainable Development, 41, 1-16.",,4,36.1,114.35,,Mediterranean–semiarid upland cropland,lat=36.10 subtropical/Med zone,,non-legume,,,,,,,,,,,,,1.8025,1.6639,0.6479,0.5981,,,,,,,,,,,China,,,,,,,,,,,,,,,,,,,,,,,,,,,3,0.01,,,,,,,y,,,,,,,,,,,,,,,,1200.0,,,,,y
591,1731,107,"Xu, G., Liu, X., Wang, Q., Yu, X., & Hang, Y. (2017). Integrated rice-duck farming mitigates the global warming potential in rice season. Science of the Total Environment, 575, 58-66.",,4,32.5833333333333,120.4,,"Flooded paddy cropland (tropical–subtropical, Oryza sativa L. double/single season)",China paddy rice system,,legume,Paddy Rice,PADDY/FLOODED,,,,,,,,,,,1.6,1.46,0.13,0.22,,,,,176.41,144.76,8.84,11.18,,,China,,,,,,,,,,,,,,,,,,,,,,,,,,,3,0.01,,,,,,,,,,,,,,,,,,,,,,,,,,,,y
592,1732,107,"Xu, G., Liu, X., Wang, Q., Yu, X., & Hang, Y. (2017). Integrated rice-duck farming mitigates the global warming potential in rice season. Science of the Total Environment, 575, 58-66.",,4,32.5833333333333,120.4,,"Flooded paddy cropland (tropical–subtropical, Oryza sativa L. double/single season)",China paddy rice system,,legume,Paddy Rice,PADDY/FLOODED,,,,,,,,,,,1.66,1.56,0.13,0.21,,,,,151.43,129.03,9.17,14.7,,,China,,,,,,,,,,,,,,,,,,,,,,,,,,,3,0.01,,,,,,,,,,,,,,,,,,,,,,,,,,,,y
601,1742,80,"Liu, W., Hussain, S., Wu, L., Qin, Z., Li, X., Lu, J., ... & Geng, M. (2016). Greenhouse gas emissions, soil quality, and crop productivity from a mono-rice cultivation system as influenced by fallow season straw management. Environmental Science and Pollution Research, 23, 315-328.",,4,30.0833333333333,113.75,,"Flooded paddy cropland (tropical–subtropical, Oryza sativa L. double/single season)",China paddy rice system,,legume,Paddy Rice,PADDY/FLOODED,,,,,,,,,,,0.9271,1.21,0.0272,0.1361,,,,,227.3733,277.6,14.8725,29.9298,,,China,,,,,,,,,,,,,,,,,,,,,,,,,,,3,0.01,,,,,,,,,,,,,,,,,,,,,,,,,,,,y
612,1753,123,"Schmatz, R., Recous, S., Weiler, D. A., Pilecco, G. E., Schu, A. L., Giovelli, R. L., & Giacomini, S. J. (2020). How the mass and quality of wheat and vetch mulches affect drivers of soil N2O emissions. Geoderma, 372, 114395.",,4,-29.715,-53.7063888888889,,Tropical upland annual/perennial cropland (Plantation/Tropical),Brazil – tropical cropping system,,legume,,,,,,,,,,,,,4.4943,0.9429,1.6154,0.3389,,yes,,,,,,,,,Brazil,,,,,,,,,,,,,,,,,,,,,,,,,,,3,0.01,,,,,,,,,,,,,,,,,,,,,,,,,,,,y
613,1754,123,"Schmatz, R., Recous, S., Weiler, D. A., Pilecco, G. E., Schu, A. L., Giovelli, R. L., & Giacomini, S. J. (2020). How the mass and quality of wheat and vetch mulches affect drivers of soil N2O emissions. Geoderma, 372, 114395.",,4,-29.715,-53.7063888888889,,Tropical upland annual/perennial cropland (Plantation/Tropical),Brazil – tropical cropping system,,legume,,,,,,,,,,,,,8.1714,0.9429,2.9371,0.3389,,yes,,,,,,,,,Brazil,,,,,,,,,,,,,,,,,,,,,,,,,,,3,0.01,,,,,,,,,,,,,,,,,,,,,,,,,,,,y
614,1755,123,"Schmatz, R., Recous, S., Weiler, D. A., Pilecco, G. E., Schu, A. L., Giovelli, R. L., & Giacomini, S. J. (2020). How the mass and quality of wheat and vetch mulches affect drivers of soil N2O emissions. Geoderma, 372, 114395.",,4,-29.715,-53.7063888888889,,Tropical upland annual/perennial cropland (Plantation/Tropical),Brazil – tropical cropping system,,legume,,,,,,,,,,,,,6.4586,0.9429,2.3214,0.3389,,yes,,,,,,,,,Brazil,,,,,,,,,,,,,,,,,,,,,,,,,,,3,0.01,,,,,,,,,,,,,,,,,,,,,,,,,,,,y
615,1756,123,"Schmatz, R., Recous, S., Weiler, D. A., Pilecco, G. E., Schu, A. L., Giovelli, R. L., & Giacomini, S. J. (2020). How the mass and quality of wheat and vetch mulches affect drivers of soil N2O emissions. Geoderma, 372, 114395.",,4,-29.715,-53.7063888888889,,Tropical upland annual/perennial cropland (Plantation/Tropical),Brazil – tropical cropping system,,non-legume,,,,,,,,,,,,,2.31,0.9429,0.8303,0.3389,,,,,,,,,,,Brazil,,,,,,,,,,,,,,,,,,,,,,,,,,,3,0.01,,,,,,,,,,,,,,,,,,,,,,,,,,,,y
616,1757,123,"Schmatz, R., Recous, S., Weiler, D. A., Pilecco, G. E., Schu, A. L., Giovelli, R. L., & Giacomini, S. J. (2020). How the mass and quality of wheat and vetch mulches affect drivers of soil N2O emissions. Geoderma, 372, 114395.",,4,-29.715,-53.7063888888889,,Tropical upland annual/perennial cropland (Plantation/Tropical),Brazil – tropical cropping system,,non-legume,,,,,,,,,,,,,3.41,0.9429,1.2257,0.3389,,,,,,,,,,,Brazil,,,,,,,,,,,,,,,,,,,,,,,,,,,3,0.01,,,,,,,,,,,,,,,,,,,,,,,,,,,,y
617,1758,123,"Schmatz, R., Recous, S., Weiler, D. A., Pilecco, G. E., Schu, A. L., Giovelli, R. L., & Giacomini, S. J. (2020). How the mass and quality of wheat and vetch mulches affect drivers of soil N2O emissions. Geoderma, 372, 114395.",,4,-29.715,-53.7063888888889,,Tropical upland annual/perennial cropland (Plantation/Tropical),Brazil – tropical cropping system,,non-legume,,,,,,,,,,,,,3.3,0.9429,1.1861,0.3389,,,,,,,,,,,Brazil,,,,,,,,,,,,,,,,,,,,,,,,,,,3,0.01,,,,,,,,,,,,,,,,,,,,,,,,,,,,y
677,1840,74,"Koga, N. (2013). Nitrous oxide emissions under a four-year crop rotation system in northern Japan: impacts of reduced tillage, composted cattle manure application and increased plant residue input. Soil Science and Plant Nutrition, 59(1), 56-68.",,4,43.008495,141.411415,,Temperate upland annual cropland,Japan soybean/upland system,,non-legume,,,,,,,,,,,,,3.6857,1.7429,1.3248,0.6264,,,,,,,,,,,Japan,,,,,,,,,,,,,,,,,,,,,,,,,,,3,0.01,,,,,,,,,,,,,,,,,,,,,,,,,,,,y
