yield_article_title,yield_paper_id,yield_data_source,match_method,match_score,matched_ghg_paper_id,matched_ghg_reference,matched_ghg_doi
Ammonium And Nitrate In Soil And Rice Yield As Affected By Cover Crops And Their Desiccation Time,6.0,Dataset Two,no_match_in_GHG_table,0.356,,,
Assessing The Impacts Of Cover Crops On Maize And Soybean Yield In The U.S. Midwestern Agroecosystems ,8.0,Dataset Two,no_match_in_GHG_table,0.437,,,
Biomass production of 12 winter cereal cover crop cultivars and their effect on subsequent no-till corn yield,15.0,Dataset Two,no_match_in_GHG_table,0.348,,,
Biomass Yield In Production Systems Of Soybean Sown In Succession To Annual Crops And Cover Crops,18.0,Dataset Two,no_match_in_GHG_table,0.414,,,
Brassica Cover Crop Effects On Nitrogen Availability And Oat And Corn Yield,20.0,Dataset Two,no_match_in_GHG_table,0.355,,,
Clover cover crops under-sown in winter wheat increase yield of subsequent spring barley—Effect of N dose and companion grass,24.0,Dataset Two,no_match_in_GHG_table,0.342,,,
Conservation agriculture effects on plant nutrients and maize grain yield after four years of maize–winter cover crop rotations,31.0,Dataset Two,no_match_in_GHG_table,0.385,,,
Corn And Soybean Grain Yield Responses To Soil Amendments And Cover Crop In Upland Soils,32.0,Dataset Two,no_match_in_GHG_table,0.353,,,
Cover Crop Diversity For Weed Suppression And Crop Yield In A Corn-Soybean Production System In Tennessee,44.0,Dataset Two,no_match_in_GHG_table,0.409,,,
Cover Crop Effect On Subsequent Wheat Yield In The Central Great Plains,46.0,Dataset Two,no_match_in_GHG_table,0.329,,,
"Cover Crop Nitrogen Availability To Conventional And No‐Till Corn: Soil Mineral Nitrogen, Corn Nitrogen Status, And Corn Yield",64.0,Dataset Two,no_match_in_GHG_table,0.33,,,
Cover Crop Effects On Corn Yield Response To Nitrogen On An Irrigated Sandy Soil,47.0,Dataset Two,no_match_in_GHG_table,0.396,,,
Cover Crop Effects On Crop Yields And Soil Organic Carbon Content,48.0,Dataset Two,no_match_in_GHG_table,0.369,,,
Cover Crop Grazing Impacts On Soil Properties And Crop Yields Under Irrigated No-Till Corn-Soybean Management,51.0,Dataset Two,no_match_in_GHG_table,0.425,,,
Cover Crop Increases Soybean Yield Cropped After Degraded Pasture In Sandy Soil,54.0,Dataset Two,no_match_in_GHG_table,0.33,,,
Cover Crop Interseeding Effects On Aboveground Biomass And Corn Grain Yield In Western North Dakota,55.0,Dataset Two,no_match_in_GHG_table,0.403,,,
Cover Crop Productivity And Subsequent Soybean Yield In The Western Corn Belt,65.0,Dataset Two,no_match_in_GHG_table,0.329,,,
"Cover Crop Rotation Effects On Growth And Development, Seedling Disease, And Yield Of Corn And Soybean",67.0,Dataset Two,no_match_in_GHG_table,0.45,,,
Cover Crop Rotations In No-Till System: Short-Term Co2 Emissions And Soybean Yield,68.0,Dataset Two,no_match_in_GHG_table,0.409,,,
"Cover Crop, Tillage, And Herbicide Effects On Weeds, Soil Properties, Microbial Populations, And Soybean Yield",75.0,Dataset Two,no_match_in_GHG_table,0.379,,,
"Cover Crops Affect Soybean Yield Components, But Not Grain Quality",77.0,Dataset Two,no_match_in_GHG_table,0.336,,,
Cover Crops And Herbicide Timing Management On Soybean Yield Under No-Tillage System,79.0,Dataset Two,no_match_in_GHG_table,0.357,,,
"Cover Crops And Returning Residue Impact On Soil Organic Carbon, Bulk Density, Penetration Resistance, Water Retention, Infiltration, And Soybean Yield",84.0,Dataset Two,no_match_in_GHG_table,0.369,,,
"Cover Crops For Resilience Of A Limited-Irrigation Winter Wheat-Sorghum-Fallow Rotation: Soil Carbon, Nitrogen, And Sorghum Yield Responses",94.0,Dataset Two,no_match_in_GHG_table,0.343,,,
"Driving Crop Yield, Soil Organic C Pools, And Soil Biodiversity With Selected Winter Cover Crops Under No-Till",115.0,Dataset Two,no_match_in_GHG_table,0.369,,,
Cover Crops Impact Crops Yields By Improving Microbiological Activity And Fertility In Sandy Soil,95.0,Dataset Two,no_match_in_GHG_table,0.33,,,
Effect Of Hairy Vetch Cover Crop On Maize Nitrogen Supply And Productivity At Varying Yield Environments In Southern Brazil,132.0,Dataset Two,no_match_in_GHG_table,0.397,,,
Effect Of Multispecies Cover Crop Mixture On Soil Properties And Crop Yield,134.0,Dataset Two,no_match_in_GHG_table,0.354,,,
"Effect Of Planting Into A Green Winter Cereal Rye Cover Crop On Growth And Development, Seedling Disease, And Yield Of Corn",139.0,Dataset Two,no_match_in_GHG_table,0.378,,,
Effect Of Winter Cover Crop Species And Planting Methods On Maize Yield And N Availability Under Irrigated Mediterranean Conditions,147.0,Dataset Two,no_match_in_GHG_table,0.328,,,
"Effects Of Cereal And Legume Cover Crop Residues On Weeds, Yield, And Net Return In Soybean (Glycine Max)",151.0,Dataset Two,no_match_in_GHG_table,0.371,,,
Effects Of Cover Crops On Soil Mineral Nitrogen And On The Yield And Nitrogen Content Of Maize,156.0,Dataset Two,no_match_in_GHG_table,0.404,,,
"Effects Of Hairy Vetch (Vicia Villosa) Cover Crop And Banded Herbicides On Weeds, Grain Yield, And Economic Returns In Corn (Zea Mays)",161.0,Dataset Two,no_match_in_GHG_table,0.373,,,
"Effects Of Winter Cover Crops On Rice Pests, Natural Enemies, And Grain Yield In A Rice Rotation System",170.0,Dataset Two,no_match_in_GHG_table,0.37,,,
Influence Of Cover Crops On Soybean Yield And Partial Returns As An Alternative To Double-Crop Soybean In Arkansas,214.0,Dataset Two,no_match_in_GHG_table,0.377,,,
"Legume-Based Cover Crop Mixtures Can Overcome Trade-Offs Between C Inputs, Soil Mineral N Depletion And Residual Yield Effects",235.0,Dataset Two,no_match_in_GHG_table,0.351,,,
Leguminous Cover Crop Astragalus Sinicus Enhances Grain Yields And Nitrogen Use Efficiency Through Increased Tillering In An Intensive Double-Cropping Rice System In Southern China,236.0,Dataset Two,no_match_in_GHG_table,0.377,,,
Long-Term Corn Yield Impacted By Cropping Rotations And Bio-Covers Under No-Tillage,241.0,Dataset Two,no_match_in_GHG_table,0.381,,,
Long-Term Fertilizer Application And Cover Crops Improve Soil Quality And Soybean Yield In The Northeastern Pampas Region Of Argentina,242.0,Dataset Two,no_match_in_GHG_table,0.391,,,
Nitrogen Content Of Pea‐Based Cover Crop Mixtures And Subsequent Organic Corn Yield,261.0,Dataset Two,no_match_in_GHG_table,0.369,,,
"Nitrogen Cycling, Profit Margins And Sweet Corn Yield Under Fall Cover Crop Systems",262.0,Dataset Two,no_match_in_GHG_table,0.359,,,
Nitrogen Dynamics And Yields Of Fresh Bean And Sweet Corn With Different Cover Crops And Planting Dates,263.0,Dataset Two,no_match_in_GHG_table,0.353,,,
"Nitrogen Release From Decomposing Residues Of Leguminous Cover Crops And Their Effect On Maize Yield On Depleted Soils Of Bukoba District, Tanzania",264.0,Dataset Two,no_match_in_GHG_table,0.395,,,
"Non-Leguminous Winter Cover Crop And Nitrogen Rate In Relation To Double Rice Grain Yield And Nitrogen Uptake In Dongting Lake Plain, Hunan Province, China",269.0,Dataset Two,no_match_in_GHG_table,0.37,,,
"Production, Decomposition Of Residues And Yield Of Maize And Soybeans Grown On Cover Crops",289.0,Dataset Two,no_match_in_GHG_table,0.324,,,
Response Of Weeds And Rice Yield To Italian Ryegrass As A Cover Crop And Planting Density In Organic Farming,304.0,Dataset Two,no_match_in_GHG_table,0.375,,,
Short-Term Corn Yield Response Associated With Nitrogen Dynamics From Fall-Seeded Cover Crops Under No-Till Dryland Conditions,312.0,Dataset Two,no_match_in_GHG_table,0.383,,,
Single-Versus Double-Species Cover Crop Effects On Soil Health And Yield In Mississippi Soybean Fields,316.0,Dataset Two,no_match_in_GHG_table,0.398,,,
Soil Physical Properties and Grain Yield Influenced by Cover Crops and Crop Rotation,327.0,Dataset Two,no_match_in_GHG_table,0.388,,,
Soil Physical Properties And Soybean Yield As Influenced By Long-Term Tillage Systems And Cover Cropping In The Midsouth USA,329.0,Dataset Two,no_match_in_GHG_table,0.403,,,
"Soil Profile Carbon, Nitrogen, And Crop Yields Affected By Cover Crops In Semiarid Regions",330.0,Dataset Two,no_match_in_GHG_table,0.389,,,
"Soil Water Storage, Winter Wheat Yield, And Water-Use Efficiency With Cover Crops And Nitrogen Fertilization",332.0,Dataset Two,no_match_in_GHG_table,0.38,,,
Split-Nitrogen Application With Cover Cropping Reduces Subsurface Nitrate Losses While Maintaining Corn Yields,336.0,Dataset Two,no_match_in_GHG_table,0.362,,,
"Spring-Planted Cover Crop Effects On Weed Suppression, Crop Yield, And Net Returns In No-Tillage Dryland Crop Production",338.0,Dataset Two,no_match_in_GHG_table,0.382,,,
The Combined Influence Of Cover Crops And Manure On Maize And Soybean Yield In A Kentucky Silt Loam Soil,345.0,Dataset Two,no_match_in_GHG_table,0.369,,,
The Effect Of Cover Crops On The Yield Of Spring Barley In Estonia,356.0,Dataset Two,no_match_in_GHG_table,0.441,,,
"Time Interval Between Cover Crop Termination And Planting Influences Corn Seedling Disease, Plant Growth, And Yield",369.0,Dataset Two,no_match_in_GHG_table,0.375,,,
"Using Cover Crops In Headlands Of Organic Grain Farms: Effects On Soil Properties, Weeds And Crop Yields",376.0,Dataset Two,no_match_in_GHG_table,0.364,,,
Winter Cover Crops Affect Monoculture Maize Yield And Nitrogen Leaching Under Irrigated Mediterranean Conditions,384.0,Dataset Two,no_match_in_GHG_table,0.331,,,
Winter cover crops on weed infestation and maize yield ,390.0,Dataset Two,no_match_in_GHG_table,0.362,,,
Winter Cover Crops Effects On Soil Properties And Sweet Corn Yield In Semi-Arid Irrigated Systems,387.0,Dataset Two,no_match_in_GHG_table,0.414,,,
Contributions of individual cover crop species to rainfed maize production in semi-arid cropping systems,,Dataset Two,no_match_in_GHG_table,0.458,,,
Implications of cover crop planting and termination timing on rainfed maize production in semi-arid cropping systems,,Dataset Two,no_match_in_GHG_table,0.408,,,
Assessing two winter cover crops for weed control in reduced-tillage maize establishment,,Dataset One,no_match_in_GHG_table,0.396,,,
Cover cropping to reduce nitrate loss through subsurface drainage in the northern US Corn Belt,,Dataset One,no_match_in_GHG_table,0.348,,,
Cover crops as a tool to reduce reliance on intensive tillage and nitrogen fertilization in conventional arable cropping systems,,Dataset One,no_match_in_GHG_table,0.365,,,
"Effect of interseeding cover crops and fertilization on weed suppression under an organic and rotational cropping system: 1. Stability of weed suppression over years and main crops of potato, maize and soybean",,Dataset One,no_match_in_GHG_table,0.352,,,
Effects of Long-Term Rotation and Tillage Practice on Grain Yield,,Dataset One,no_match_in_GHG_table,0.335,,,
Effects of tillage and fallow period management on soil physical behaviour and maize development,,Dataset One,no_match_in_GHG_table,0.317,,,
Establishing winter annual cover crops by interseeding into Maize and Soybean,,Dataset One,no_match_in_GHG_table,0.374,,,
Establishment and Impact of Cover Crops Intersown into Corn ,,Dataset One,no_match_in_GHG_table,0.353,,,
Integration of Cereal Cover Crops in Ridge-tillage Corn (Zea mays) Production,,Dataset One,no_match_in_GHG_table,0.337,,,
Introducing mungbean as a preceding crop to enhance nitrogen uptake and yield of rainfed rice in the north-east of Thailand,,Dataset One,no_match_in_GHG_table,0.373,,,
Legume cover crop management on nitrogen dynamics and yield in grain corn systems,,Dataset One,no_match_in_GHG_table,0.38,,,
Long-term effect of cover crop on rainwater balance components and use efficiency in the no-tilled and rainfed corn and soybean rotation system,,Dataset One,no_match_in_GHG_table,0.397,,,
Maize Performances as Influenced by Winter Cover Crop Green Manuring,,Dataset One,no_match_in_GHG_table,0.421,,,
Nitrate-Nitrogen Losses through Subsurface Drainage under Various Agricultural Land Covers,,Dataset One,no_match_in_GHG_table,0.333,,,
Nitrogen use efficiency and fertiliser fate in a long-term experiment with winter cover crops,,Dataset One,no_match_in_GHG_table,0.335,,,
Radish and annual ryegrass alter corn yield response to nitrogen rate,,Dataset One,no_match_in_GHG_table,0.315,,,
"Replacing bare fallow with cover crops in a maize cropping system: Yield, N uptake and fertiliser fate",,Dataset One,no_match_in_GHG_table,0.44,,,
Responses of Winter Wheat Production to Green Manure and Nitrogen Fertilizer on the Loess Plateau,,Dataset One,no_match_in_GHG_table,0.36,,,
Rye Cover Crop Effects on Soil Quality in No-Till Corn Silage–Soybean Cropping Systems,,Dataset One,no_match_in_GHG_table,0.392,,,
Self-Seeded Cereal Cover Crop Effects on Interspecific Competition with Corn,,Dataset One,no_match_in_GHG_table,0.387,,,
Soil Water Balance and Water Use Efficiency of Dryland Wheat in Different Precipitation Years in Response to Green Manure Approach,,Dataset One,no_match_in_GHG_table,0.367,,,
"Summer Cover Crops Fix Nitrogen, Increase Crop Yield, and Improve Soil–Crop Relationships",,Dataset One,no_match_in_GHG_table,0.373,,,
Tillage and Cover Cropping Effects on Soil Properties and Crop Production in Illinois,,Dataset One,no_match_in_GHG_table,0.521,,,
Use of N immobilization to tighten the N cycle in conventional agroecosystems,,Dataset One,no_match_in_GHG_table,0.404,,,
"Weed Populations, Sweet Corn Yield, and Economics Following Fall Cover Crops",,Dataset One,no_match_in_GHG_table,0.327,,,
Winter cover crop: the effects of grass–clover mixture proportion and biomass management on maize and the apparent residual N in the soil,,Dataset One,no_match_in_GHG_table,0.355,,,
Winter cover crops effect on soil moisture and soybean growth and yield under different tillage systems,,Dataset One,no_match_in_GHG_table,0.405,,,
Yield losses of soybean and maize by competition with interseeded cover crops and weeds in organic-based cropping systems,,Dataset One,no_match_in_GHG_table,0.43,,,
